{
    "TTJets": {
        "TTJets": 4.83413680238324e-05,
        "TTJets_SingleLeptFromT": 1.765007122066811e-06,
        "TTJets_SingleLeptFromTbar": 1.8225417966328055e-06,
        "TTJets_DiLept": 1.8940620238655194e-06
    },
    "ST": {
        "Top": 1.1087868593584793e-07,
        "AntiTop": 1.5095656294940314e-07
    },
    "WJets": {
        "WJets_HT-70To100": 4.809802800698591e-05,
        "WJets_HT-100To200": 0.0004245264184477872,
        "WJets_HT-200To400": 1.6651616664190083e-05,
        "WJets_HT-400To600": 9.719971076617904e-06,
        "WJets_HT-600To800": 6.435775382720905e-07,
        "WJets_HT-800To1200": 6.39060388890923e-07,
        "WJets_HT-1200To2500": 1.470017082596818e-07,
        "WJets_HT-2500ToInf": 2.5025147802127944e-09
    },
    "DYJetsToLL": {
        "DYJetsToLL-M-10to50": 0.00040151034826523425,
        "DYJetsToLL_M-50": 5.3112490745236713e-05
    },
    "DiBoson": {
        "WW": 0.0013808725486761594,
        "ZZ": 6.135103198794688e-06,
        "WZ": 7.4254685700923795e-06
    },
    "TriBoson": {
        "WWW": 4.180384456575758e-06,
        "WWZ": 4.011227774846684e-06,
        "WZZ": 4.002223981846166e-06,
        "ZZZ": 3.999541273760793e-06,
        "WZG": 5.071790660007529e-07,
        "WWG": 9.368221093721516e-07,
        "WGG": 1.0068534656172402e-06
    },
    "QCD": {
        "QCD_Pt-15to20": 3.1350367518375917,
        "QCD_Pt-20to30": 0.08476028888482713,
        "QCD_Pt-50to80": 0.018664058786531885,
        "QCD_Pt-80to120": 0.004135151243328189,
        "QCD_Pt-120to170": 0.001247610486794391,
        "QCD_Pt-170to300": 0.0001999367117413663,
        "QCD_Pt-300to470": 2.110902322056705e-05,
        "QCD_Pt-470to600": 5.745715563347258e-05,
        "QCD_Pt-600to800": 7.740883345461157e-06,
        "QCD_Pt-800to1000": 1.0233221358999748e-06,
        "QCD_Pt-1000toInf": 1.0376357691778722e-07
    }
}