{
    "QCD": {
        "QCD_Pt-15to20": 0.06120815977359142,
        "QCD_Pt-20to30": 0.08540739515962839,
        "QCD_Pt-30to50": 0.044756488228484964,
        "QCD_Pt-50to80": 0.018496912228811616,
        "QCD_Pt-80to120": 0.0035185585587661885,
        "QCD_Pt-120to170": 0.0009959439115485875,
        "QCD_Pt-170to300": 0.00019396497033875577,
        "QCD_Pt-300to470": 2.101831443904688e-05,
        "QCD_Pt-470to600": 2.883717183859335e-06,
        "QCD_Pt-600to800": 1.1280422802292932e-06,
        "QCD_Pt-800to1000": 1.953850463140184e-07,
        "QCD_Pt-1000toInf": 1.3200411668359134e-07
    },
    "DYJetsToLL": {
        "DYJetsToLL-M-10to50": 0.00040151034826523425,
        "DYJetsToLL_M-50": 5.3112490745236713e-05
    },
    "TTJets": {
        "TTJets": 4.800333145245402e-05
    }
}