{
    "TTbar": {
        "Hadronic": 1.6541661018172527e-08,
        "SemiLeptonic": 2.2592204242859163e-08,
        "2L2Nu": 1.526301864373218e-07
    },
    "ST": {
        "Top": 1.061840828125373e-07,
        "AntiTop": 1.3762330262789668e-07
    },
    "WJets": {
        "WJets_HT-70To100": 4.673692905768931e-05,
        "WJets_HT-200To400": 1.6729179968092907e-05,
        "WJets_HT-400To600": 1.0554887057044625e-05,
        "WJets_HT-600To800": 6.775177092544622e-07,
        "WJets_HT-800To1200": 6.850185660880893e-07,
        "WJets_HT-1200To2500": 1.5493654241898354e-07,
        "WJets_HT-2500ToInf": 2.7384799228524483e-09
    },
    "DYJetsToLL": {
        "DYJetsToLL-M-10to50": 0.00040226466360223376,
        "DYJetsToLL_M-50": 5.343700655316393e-05
    },
    "DiBoson": {
        "WW": 1.0068023818416405e-05,
        "ZZ": 6.2005589696652725e-06,
        "WZ": 7.2420470888153615e-06
    },
    "TriBoson": {
        "WWW": 8.975e-07,
        "WWZ": 6.704e-07,
        "WZZ": 2.2804e-07,
        "ZZZ": 5.892e-08,
        "WZG": 2.205583756345178e-08,
        "WWG": 1.8528e-07,
        "WGG": 2.0130784708249494e-06
    },
    "QCD": {
        "QCD_Pt-20to30": 0.08284241471526937,
        "QCD_Pt-50to80": 0.018560762430344956,
        "QCD_Pt-80to120": 0.0039171167261931915,
        "QCD_Pt-120to170": 0.0010044135083624344,
        "QCD_Pt-170to300": 0.00019305769266034627,
        "QCD_Pt-300to470": 2.1018318186613567e-05,
        "QCD_Pt-470to600": 2.8876217168819312e-06,
        "QCD_Pt-600to800": 1.076875469800984e-06,
        "QCD_Pt-800to1000": 2.1435078154811328e-07,
        "QCD_Pt-1000toInf": 1.0367410467571173e-07
    }
}