{
    "mXX-1000_mA-0p25_lxy-300": 1.5321576930970626e-05,
    "mXX-1000_mA-1p2_lxy-300": 6.833070797952e-06,
    "mXX-1000_mA-5_lxy-300": 1.5738085182303543e-06,
    "mXX-100_mA-0p25_lxy-300": 6.064288616164123e-06,
    "mXX-100_mA-1p2_lxy-300": 2.7045425401373484e-06,
    "mXX-100_mA-5_lxy-300": 6.228132948154551e-07,
    "mXX-150_mA-1p2_lxy-300": 7.149118904165653e-06,
    "mXX-150_mA-5_lxy-300": 1.646155824958374e-06,
    "mXX-200_mA-0p25_lxy-300": 3.879666158396752e-05,
    "mXX-200_mA-1p2_lxy-300": 1.729947661063781e-05,
    "mXX-200_mA-5_lxy-300": 3.98507785217095e-06,
    "mXX-500_mA-0p25_lxy-300": 0.004530917871374977,
    "mXX-500_mA-1p2_lxy-300": 0.0020208280498214717,
    "mXX-500_mA-5_lxy-300": 0.00046537407622375816,
    "mXX-800_mA-0p25_lxy-300": 5.177600442799988e-05,
    "mXX-800_mA-1p2_lxy-300": 2.3089285819612107e-05,
    "mXX-800_mA-5_lxy-300": 5.3181764271528195e-06,
    "mXX-1000_mA-0p25_lxy-0p3": 1.5634315655070543e-05,
    "mXX-100_mA-5_lxy-0p3": 6.229729432110264e-07
}