{
    "QCD": {
        "QCD_Pt-50to80": 376600.0,
        "QCD_Pt-80to120": 14821.666666666666,
        "QCD_Pt-120to170": 1930.0,
        "QCD_Pt-170to300": 306.7391304347826,
        "QCD_Pt-300to470": 15.117073170731706,
        "QCD_Pt-470to600": 1.7423529411764707,
        "QCD_Pt-600to800": 0.6272413793103448,
        "QCD_Pt-800to1000": 0.08550697649187194,
        "QCD_Pt-1000toInf": 0.02157161845700904
    },
    "DYJetsToLL": {
        "DYJetsToLL-M-10to50": 1225.4066759862292,
        "DYJetsToLL_M-50": 22.501944083937477
    },
    "TTJets": {
        "TTJets": 2.0944682499319294
    },
    "DiBoson": {
        "WW": 5.104875203215611,
        "WZ": 0.4068198184638374,
        "ZZ": 0.014735513577370246
    }
}